idx,hasSimpleResult,hasResultTime,madeBySensor,observedProperty,validada,tipoMedicion,tipoEmisorPredominante,tipoIntervaloReferencia
8734,57.9,2020-05-10T13:00:00,1002,nivelRuido,true,LAS50,ferrocarriles,D
1955,37.4,2020-02-12T13:00:00,878,nivelVibracion,false,LAW,,
6445,64.6,2020-05-08T13:00:00,123,nivelRuido,false,LAS99,obras,E
203,77.5,2020-01-12T13:00:00,12,nivelRuido,true,LAeq24,vehiculos-automoviles,N
9212,61.2,2020-05-12T13:00:00,421,nivelRuido,false,LAS10,actividades-comerciales,D
1,68.8,2020-07-09T00:00:00,1,nivelRuido,false,LAeq,,T
2,78.8,2020-07-09T00:00:01,1,nivelRuido,false,LAS01,,T
3,71.7,2020-07-09T00:00:02,1,nivelRuido,false,LAS10,,T
4,64.7,2020-07-09T00:00:03,1,nivelRuido,false,LAS50,,T
5,52.4,2020-07-09T00:00:04,1,nivelRuido,false,LAS90,,T
6,43.8,2020-07-09T00:00:05,1,nivelRuido,false,LAS99,,T
7,70.9,2020-07-09T00:00:00,1,nivelRuido,false,LAeq,,D
8,80.5,2020-07-09T00:00:01,1,nivelRuido,false,LAS01,,D
9,73.6,2020-07-09T00:00:02,1,nivelRuido,false,LAS10,,D
10,68.4,2020-07-09T00:00:03,1,nivelRuido,false,LAS50,,D
11,61.0,2020-07-09T00:00:04,1,nivelRuido,false,LAS90,ferrocarriles,D
12,56.8,2020-07-09T00:00:05,1,nivelRuido,false,LAS99,,D
13,67.4,2020-07-09T00:00:00,1,nivelRuido,false,LAeq,,E
14,75.0,2020-07-09T00:00:01,1,nivelRuido,false,LAS01,,E
15,70.5,2020-07-09T00:00:02,1,nivelRuido,false,LAS10,,E
16,64.3,2020-07-09T00:00:03,1,nivelRuido,false,LAS50,,E
17,58.2,2020-07-09T00:00:04,1,nivelRuido,false,LAS90,,E
18,54.8,2020-07-09T00:00:05,1,nivelRuido,false,LAS99,,E
19,61.8,2020-07-09T00:00:00,1,nivelRuido,false,LAeq,,N
20,69.7,2020-07-09T00:00:01,1,nivelRuido,false,LAS01,,N
21,65.7,2020-07-09T00:00:02,1,nivelRuido,false,LAS10,,N
22,56.2,2020-07-09T00:00:03,1,nivelRuido,false,LAS50,,N
23,47.3,2020-07-09T00:00:04,1,nivelRuido,false,LAS90,ferrocarriles,N
24,42.3,2020-07-09T00:00:05,1,nivelRuido,false,LAS99,,N
25,70.8,2019-12-21T00:00:00,2,nivelRuido,false,LAeq,,T
26,77.0,2019-12-21T00:00:00,2,nivelRuido,false,LAS01,,T
27,72.4,2019-12-21T00:00:00,2,nivelRuido,false,LAS10,,T
28,69.4,2019-12-21T00:00:00,2,nivelRuido,false,LAS50,,T
29,65.6,2019-12-21T00:00:00,2,nivelRuido,false,LAS90,,T
30,62.7,2019-12-21T00:00:00,2,nivelRuido,false,LAS99,,T
31,71.5,2019-12-21T00:00:00,2,nivelRuido,false,LAeq,,D
32,81.5,2019-12-21T00:00:00,2,nivelRuido,false,LAS01,,D
33,70.8,2019-12-21T00:00:00,2,nivelRuido,false,LAS10,,D
34,66.4,2019-12-21T00:00:00,2,nivelRuido,false,LAS50,,D
35,63.3,2019-12-21T00:00:00,2,nivelRuido,false,LAS90,,D
36,61.5,2019-12-21T00:00:00,2,nivelRuido,false,LAS99,,D
37,68.7,2019-12-21T00:00:00,2,nivelRuido,false,LAeq,,E
38,75.3,2019-12-21T00:00:00,2,nivelRuido,false,LAS01,,E
39,70.6,2019-12-21T00:00:00,2,nivelRuido,false,LAS10,,E
40,67.2,2019-12-21T00:00:00,2,nivelRuido,false,LAS50,,E
41,62.7,2019-12-21T00:00:00,2,nivelRuido,false,LAS90,,E
42,59.6,2019-12-21T00:00:00,2,nivelRuido,false,LAS99,,E
43,70.3,2019-12-21T00:00:00,2,nivelRuido,false,LAeq,,N
44,77.0,2019-12-21T00:00:00,2,nivelRuido,false,LAS01,,N
45,71.8,2019-12-21T00:00:00,2,nivelRuido,false,LAS10,,N
46,68.2,2019-12-21T00:00:00,2,nivelRuido,false,LAS50,,N
47,63.9,2019-12-21T00:00:00,2,nivelRuido,false,LAS90,,N
48,60.6,2019-12-21T00:00:00,2,nivelRuido,false,LAS99,,N
49,62.2,2019-12-21T00:00:00,3,nivelRuido,false,LAeq,,T
50,68.8,2019-12-21T00:00:00,3,nivelRuido,false,LAS01,,T
51,64.7,2019-12-21T00:00:00,3,nivelRuido,false,LAS10,,T
52,60.3,2019-12-21T00:00:00,3,nivelRuido,false,LAS50,,T
53,54.0,2019-12-21T00:00:00,3,nivelRuido,false,LAS90,,T
54,49.5,2019-12-21T00:00:00,3,nivelRuido,false,LAS99,,T
55,63.7,2019-12-21T00:00:00,3,nivelRuido,false,LAeq,,D
56,72.1,2019-12-21T00:00:00,3,nivelRuido,false,LAS01,,D
57,65.3,2019-12-21T00:00:00,3,nivelRuido,false,LAS10,,D
58,61.3,2019-12-21T00:00:00,3,nivelRuido,false,LAS50,,D
59,58.3,2019-12-21T00:00:00,3,nivelRuido,false,LAS90,,D
60,56.3,2019-12-21T00:00:00,3,nivelRuido,false,LAS99,,D
61,62.4,2019-12-21T00:00:00,3,nivelRuido,false,LAeq,,E
62,71.0,2019-12-21T00:00:00,3,nivelRuido,false,LAS01,,E
63,64.5,2019-12-21T00:00:00,3,nivelRuido,false,LAS10,,E
64,59.2,2019-12-21T00:00:00,3,nivelRuido,false,LAS50,,E
65,55.3,2019-12-21T00:00:00,3,nivelRuido,false,LAS90,,E
66,52.3,2019-12-21T00:00:00,3,nivelRuido,false,LAS99,,E
67,62.7,2019-12-21T00:00:00,3,nivelRuido,false,LAeq,,N
68,70.5,2019-12-21T00:00:00,3,nivelRuido,false,LAS01,,N
69,64.8,2019-12-21T00:00:00,3,nivelRuido,false,LAS10,,N
70,60.2,2019-12-21T00:00:00,3,nivelRuido,false,LAS50,,N
71,55.3,2019-12-21T00:00:00,3,nivelRuido,false,LAS90,,N
72,50.3,2019-12-21T00:00:00,3,nivelRuido,false,LAS99,,N
73,62.6,2019-12-21T00:00:00,5,nivelRuido,false,LAeq,,T
74,69.2,2019-12-21T00:00:00,5,nivelRuido,false,LAS01,ferrocarriles,T
75,64.8,2019-12-21T00:00:00,5,nivelRuido,false,LAS10,,T
76,60.6,2019-12-21T00:00:00,5,nivelRuido,false,LAS50,,T
77,55.5,2019-12-21T00:00:00,5,nivelRuido,false,LAS90,,T
78,48.2,2019-12-21T00:00:00,5,nivelRuido,false,LAS99,,T
79,61.3,2019-12-21T00:00:00,5,nivelRuido,false,LAeq,,D
80,67.8,2019-12-21T00:00:00,5,nivelRuido,false,LAS01,,D
81,63.8,2019-12-21T00:00:00,5,nivelRuido,false,LAS10,,D
82,60.2,2019-12-21T00:00:00,5,nivelRuido,false,LAS50,,D
83,57.0,2019-12-21T00:00:00,5,nivelRuido,false,LAS90,,D
84,54.3,2019-12-21T00:00:00,5,nivelRuido,false,LAS99,,D
85,55.6,2019-12-21T00:00:00,5,nivelRuido,false,LAeq,,E
86,64.3,2019-12-21T00:00:00,5,nivelRuido,false,LAS01,,E
87,59.5,2019-12-21T00:00:00,5,nivelRuido,false,LAS10,,E
88,52.5,2019-12-21T00:00:00,5,nivelRuido,false,LAS50,,E
89,45.3,2019-12-21T00:00:00,5,nivelRuido,false,LAS90,,E
90,41.6,2019-12-21T00:00:00,5,nivelRuido,false,LAS99,,E
91,61.0,2019-12-21T00:00:00,5,nivelRuido,false,LAeq,,N
92,68.0,2019-12-21T00:00:00,5,nivelRuido,false,LAS01,,N
93,63.8,2019-12-21T00:00:00,5,nivelRuido,false,LAS10,actividades-comerciales,N
94,58.9,2019-12-21T00:00:00,5,nivelRuido,false,LAS50,,N
95,49.1,2019-12-21T00:00:00,5,nivelRuido,false,LAS90,,N
96,42.9,2019-12-21T00:00:00,5,nivelRuido,false,LAS99,,N
97,71.6,2019-12-21T00:00:00,6,nivelRuido,false,LAeq,,T
98,77.4,2019-12-21T00:00:00,6,nivelRuido,false,LAS01,,T
99,74.5,2019-12-21T00:00:00,6,nivelRuido,false,LAS10,,T
100,68.9,2019-12-21T00:00:00,6,nivelRuido,false,LAS50,,T
101,64.7,2019-12-21T00:00:00,6,nivelRuido,false,LAS90,,T
102,59.0,2019-12-21T00:00:00,6,nivelRuido,false,LAS99,,T
103,72.3,2019-12-21T00:00:00,6,nivelRuido,false,LAeq,,D
104,80.0,2019-12-21T00:00:00,6,nivelRuido,false,LAS01,,D
105,73.9,2019-12-21T00:00:00,6,nivelRuido,false,LAS10,,D
106,68.7,2019-12-21T00:00:00,6,nivelRuido,false,LAS50,,D
107,64.8,2019-12-21T00:00:00,6,nivelRuido,false,LAS90,,D
108,62.3,2019-12-21T00:00:00,6,nivelRuido,false,LAS99,ferrocarriles,D
109,69.6,2019-12-21T00:00:00,6,nivelRuido,false,LAeq,,E
110,76.0,2019-12-21T00:00:00,6,nivelRuido,false,LAS01,,E
111,73.4,2019-12-21T00:00:00,6,nivelRuido,false,LAS10,,E
112,67.3,2019-12-21T00:00:00,6,nivelRuido,false,LAS50,,E
113,62.9,2019-12-21T00:00:00,6,nivelRuido,false,LAS90,,E
114,58.3,2019-12-21T00:00:00,6,nivelRuido,false,LAS99,,E
115,71.2,2019-12-21T00:00:00,6,nivelRuido,false,LAeq,,N
116,77.2,2019-12-21T00:00:00,6,nivelRuido,false,LAS01,,N
117,74.1,2019-12-21T00:00:00,6,nivelRuido,false,LAS10,,N
118,68.3,2019-12-21T00:00:00,6,nivelRuido,false,LAS50,aeronaves,N
119,63.9,2019-12-21T00:00:00,6,nivelRuido,false,LAS90,,N
120,59.0,2019-12-21T00:00:00,6,nivelRuido,false,LAS99,,N
121,67.9,2019-12-21T00:00:00,8,nivelRuido,false,LAeq,,T
122,74.3,2019-12-21T00:00:00,8,nivelRuido,false,LAS01,,T
123,70.0,2019-12-21T00:00:00,8,nivelRuido,false,LAS10,,T
124,66.3,2019-12-21T00:00:00,8,nivelRuido,false,LAS50,,T
125,62.6,2019-12-21T00:00:00,8,nivelRuido,false,LAS90,,T
126,56.1,2019-12-21T00:00:00,8,nivelRuido,false,LAS99,,T
127,67.1,2019-12-21T00:00:00,8,nivelRuido,false,LAeq,,D
128,73.5,2019-12-21T00:00:00,8,nivelRuido,false,LAS01,actividades-comerciales,D
129,68.0,2019-12-21T00:00:00,8,nivelRuido,false,LAS10,,D
130,65.1,2019-12-21T00:00:00,8,nivelRuido,false,LAS50,,D
131,62.6,2019-12-21T00:00:00,8,nivelRuido,false,LAS90,,D
132,60.1,2019-12-21T00:00:00,8,nivelRuido,false,LAS99,,D
133,66.4,2019-12-21T00:00:00,8,nivelRuido,false,LAeq,,E
134,72.8,2019-12-21T00:00:00,8,nivelRuido,false,LAS01,,E
135,69.5,2019-12-21T00:00:00,8,nivelRuido,false,LAS10,,E
136,64.9,2019-12-21T00:00:00,8,nivelRuido,false,LAS50,,E
137,59.8,2019-12-21T00:00:00,8,nivelRuido,false,LAS90,,E
138,53.8,2019-12-21T00:00:00,8,nivelRuido,false,LAS99,,E
139,67.3,2019-12-21T00:00:00,8,nivelRuido,false,LAeq,,N
140,73.8,2019-12-21T00:00:00,8,nivelRuido,false,LAS01,,N
141,69.5,2019-12-21T00:00:00,8,nivelRuido,false,LAS10,,N
142,65.6,2019-12-21T00:00:00,8,nivelRuido,false,LAS50,,N
143,61.5,2019-12-21T00:00:00,8,nivelRuido,false,LAS90,actividades-deportivas-ocio,N
144,55.2,2019-12-21T00:00:00,8,nivelRuido,false,LAS99,,N
145,66.6,2019-12-21T00:00:00,10,nivelRuido,false,LAeq,,T
146,73.7,2019-12-21T00:00:00,10,nivelRuido,false,LAS01,,T
147,69.6,2019-12-21T00:00:00,10,nivelRuido,false,LAS10,,T
148,63.5,2019-12-21T00:00:00,10,nivelRuido,false,LAS50,,T
149,57.8,2019-12-21T00:00:00,10,nivelRuido,false,LAS90,,T
150,51.9,2019-12-21T00:00:00,10,nivelRuido,false,LAS99,,T
151,64.7,2019-12-21T00:00:00,10,nivelRuido,false,LAeq,,D
152,72.2,2019-12-21T00:00:00,10,nivelRuido,false,LAS01,,D
153,68.0,2019-12-21T00:00:00,10,nivelRuido,false,LAS10,,D
154,62.3,2019-12-21T00:00:00,10,nivelRuido,false,LAS50,,D
155,58.3,2019-12-21T00:00:00,10,nivelRuido,false,LAS90,,D
156,55.5,2019-12-21T00:00:00,10,nivelRuido,false,LAS99,aeronaves,D
157,62.1,2019-12-21T00:00:00,10,nivelRuido,false,LAeq,,E
158,70.9,2019-12-21T00:00:00,10,nivelRuido,false,LAS01,,E
159,65.6,2019-12-21T00:00:00,10,nivelRuido,false,LAS10,,E
160,58.2,2019-12-21T00:00:00,10,nivelRuido,false,LAS50,actividades-comerciales,E
161,52.1,2019-12-21T00:00:00,10,nivelRuido,false,LAS90,,E
162,49.0,2019-12-21T00:00:00,10,nivelRuido,false,LAS99,,E
163,65.4,2019-12-21T00:00:00,10,nivelRuido,false,LAeq,,N
164,72.9,2019-12-21T00:00:00,10,nivelRuido,false,LAS01,,N
165,68.5,2019-12-21T00:00:00,10,nivelRuido,false,LAS10,,N
166,61.9,2019-12-21T00:00:00,10,nivelRuido,false,LAS50,,N
167,54.5,2019-12-21T00:00:00,10,nivelRuido,false,LAS90,,N
168,49.9,2019-12-21T00:00:00,10,nivelRuido,false,LAS99,,N
169,69.4,2019-12-21T00:00:00,11,nivelRuido,false,LAeq,,T
170,74.8,2019-12-21T00:00:00,11,nivelRuido,false,LAS01,,T
171,72.0,2019-12-21T00:00:00,11,nivelRuido,false,LAS10,,T
172,68.1,2019-12-21T00:00:00,11,nivelRuido,false,LAS50,,T
173,61.9,2019-12-21T00:00:00,11,nivelRuido,false,LAS90,,T
174,54.1,2019-12-21T00:00:00,11,nivelRuido,false,LAS99,,T
175,68.6,2019-12-21T00:00:00,11,nivelRuido,false,LAeq,,D
176,73.5,2019-12-21T00:00:00,11,nivelRuido,false,LAS01,,D
177,70.0,2019-12-21T00:00:00,11,nivelRuido,false,LAS10,,D
178,66.9,2019-12-21T00:00:00,11,nivelRuido,false,LAS50,,D
179,62.5,2019-12-21T00:00:00,11,nivelRuido,false,LAS90,,D
180,58.5,2019-12-21T00:00:00,11,nivelRuido,false,LAS99,,D
181,65.9,2019-12-21T00:00:00,11,nivelRuido,false,LAeq,,E
182,72.6,2019-12-21T00:00:00,11,nivelRuido,false,LAS01,,E
183,69.7,2019-12-21T00:00:00,11,nivelRuido,false,LAS10,,E
184,63.8,2019-12-21T00:00:00,11,nivelRuido,false,LAS50,,E
185,55.6,2019-12-21T00:00:00,11,nivelRuido,false,LAS90,,E
186,49.8,2019-12-21T00:00:00,11,nivelRuido,false,LAS99,,E
187,68.3,2019-12-21T00:00:00,11,nivelRuido,false,LAeq,,N
188,74.2,2019-12-21T00:00:00,11,nivelRuido,false,LAS01,,N
189,71.1,2019-12-21T00:00:00,11,nivelRuido,false,LAS10,,N
190,66.6,2019-12-21T00:00:00,11,nivelRuido,false,LAS50,,N
191,58.9,2019-12-21T00:00:00,11,nivelRuido,false,LAS90,,N
192,51.6,2019-12-21T00:00:00,11,nivelRuido,false,LAS99,,N
193,66.0,2019-12-21T00:00:00,12,nivelRuido,false,LAeq,,T
194,77.0,2019-12-21T00:00:00,12,nivelRuido,false,LAS01,,T
195,66.0,2019-12-21T00:00:00,12,nivelRuido,false,LAS10,,T
196,62.4,2019-12-21T00:00:00,12,nivelRuido,false,LAS50,,T
197,58.4,2019-12-21T00:00:00,12,nivelRuido,false,LAS90,,T
198,53.6,2019-12-21T00:00:00,12,nivelRuido,false,LAS99,,T
199,64.2,2019-12-21T00:00:00,12,nivelRuido,false,LAeq,,D
200,72.9,2019-12-21T00:00:00,12,nivelRuido,false,LAS01,,D
201,64.6,2019-12-21T00:00:00,12,nivelRuido,false,LAS10,,D
202,61.7,2019-12-21T00:00:00,12,nivelRuido,false,LAS50,,D
203,58.9,2019-12-21T00:00:00,12,nivelRuido,false,LAS90,,D
204,57.0,2019-12-21T00:00:00,12,nivelRuido,false,LAS99,,D
205,60.9,2019-12-21T00:00:00,12,nivelRuido,false,LAeq,,E
206,67.0,2019-12-21T00:00:00,12,nivelRuido,false,LAS01,,E
207,62.8,2019-12-21T00:00:00,12,nivelRuido,false,LAS10,,E
208,58.6,2019-12-21T00:00:00,12,nivelRuido,false,LAS50,,E
209,53.5,2019-12-21T00:00:00,12,nivelRuido,false,LAS90,,E
210,50.1,2019-12-21T00:00:00,12,nivelRuido,false,LAS99,,E
211,64.6,2019-12-21T00:00:00,12,nivelRuido,false,LAeq,actividades-comerciales,N
212,75.0,2019-12-21T00:00:00,12,nivelRuido,false,LAS01,,N
213,65.2,2019-12-21T00:00:00,12,nivelRuido,false,LAS10,,N
214,61.2,2019-12-21T00:00:00,12,nivelRuido,false,LAS50,,N
215,55.9,2019-12-21T00:00:00,12,nivelRuido,false,LAS90,,N
216,51.3,2019-12-21T00:00:00,12,nivelRuido,false,LAS99,,N
217,60.3,2019-12-21T00:00:00,13,nivelRuido,false,LAeq,,T
218,68.9,2019-12-21T00:00:00,13,nivelRuido,false,LAS01,,T
219,62.8,2019-12-21T00:00:00,13,nivelRuido,false,LAS10,,T
220,57.8,2019-12-21T00:00:00,13,nivelRuido,false,LAS50,,T
221,51.6,2019-12-21T00:00:00,13,nivelRuido,false,LAS90,,T
222,46.6,2019-12-21T00:00:00,13,nivelRuido,false,LAS99,,T
223,58.8,2019-12-21T00:00:00,13,nivelRuido,false,LAeq,,D
224,67.5,2019-12-21T00:00:00,13,nivelRuido,false,LAS01,,D
225,60.7,2019-12-21T00:00:00,13,nivelRuido,false,LAS10,,D
226,56.0,2019-12-21T00:00:00,13,nivelRuido,false,LAS50,actividades-deportivas-ocio,D
227,52.6,2019-12-21T00:00:00,13,nivelRuido,false,LAS90,,D
228,50.4,2019-12-21T00:00:00,13,nivelRuido,false,LAS99,,D
229,53.2,2019-12-21T00:00:00,13,nivelRuido,false,LAeq,,E
230,62.5,2019-12-21T00:00:00,13,nivelRuido,false,LAS01,,E
231,56.7,2019-12-21T00:00:00,13,nivelRuido,false,LAS10,,E
232,49.3,2019-12-21T00:00:00,13,nivelRuido,false,LAS50,,E
233,44.9,2019-12-21T00:00:00,13,nivelRuido,false,LAS90,,E
234,44.0,2019-12-21T00:00:00,13,nivelRuido,false,LAS99,,E
235,58.6,2019-12-21T00:00:00,13,nivelRuido,false,LAeq,,N
236,67.7,2019-12-21T00:00:00,13,nivelRuido,false,LAS01,,N
237,61.5,2019-12-21T00:00:00,13,nivelRuido,false,LAS10,,N
238,55.6,2019-12-21T00:00:00,13,nivelRuido,false,LAS50,,N
239,46.5,2019-12-21T00:00:00,13,nivelRuido,false,LAS90,,N
240,44.2,2019-12-21T00:00:00,13,nivelRuido,false,LAS99,,N
241,66.0,2019-12-21T00:00:00,14,nivelRuido,false,LAeq,,T
242,73.1,2019-12-21T00:00:00,14,nivelRuido,false,LAS01,,T
243,67.2,2019-12-21T00:00:00,14,nivelRuido,false,LAS10,aeronaves,T
244,64.8,2019-12-21T00:00:00,14,nivelRuido,false,LAS50,,T
245,62.2,2019-12-21T00:00:00,14,nivelRuido,false,LAS90,,T
246,58.6,2019-12-21T00:00:00,14,nivelRuido,false,LAS99,,T
247,66.9,2019-12-21T00:00:00,14,nivelRuido,false,LAeq,,D
248,76.8,2019-12-21T00:00:00,14,nivelRuido,false,LAS01,,D
249,66.1,2019-12-21T00:00:00,14,nivelRuido,false,LAS10,,D
250,63.8,2019-12-21T00:00:00,14,nivelRuido,false,LAS50,,D
251,62.0,2019-12-21T00:00:00,14,nivelRuido,false,LAS90,,D
252,60.4,2019-12-21T00:00:00,14,nivelRuido,false,LAS99,,D
253,61.9,2019-12-21T00:00:00,14,nivelRuido,false,LAeq,actividades-comerciales,E
254,68.6,2019-12-21T00:00:00,14,nivelRuido,false,LAS01,,E
255,64.5,2019-12-21T00:00:00,14,nivelRuido,false,LAS10,,E
256,60.7,2019-12-21T00:00:00,14,nivelRuido,false,LAS50,,E
257,56.6,2019-12-21T00:00:00,14,nivelRuido,false,LAS90,,E
258,54.0,2019-12-21T00:00:00,14,nivelRuido,false,LAS99,,E
259,65.3,2019-12-21T00:00:00,14,nivelRuido,false,LAeq,,N
260,72.6,2019-12-21T00:00:00,14,nivelRuido,false,LAS01,,N
261,66.6,2019-12-21T00:00:00,14,nivelRuido,false,LAS10,,N
262,63.7,2019-12-21T00:00:00,14,nivelRuido,false,LAS50,,N
263,58.8,2019-12-21T00:00:00,14,nivelRuido,false,LAS90,,N
264,55.0,2019-12-21T00:00:00,14,nivelRuido,false,LAS99,,N
265,63.1,2019-12-21T00:00:00,16,nivelRuido,false,LAeq,,T
266,69.5,2019-12-21T00:00:00,16,nivelRuido,false,LAS01,,T
267,66.4,2019-12-21T00:00:00,16,nivelRuido,false,LAS10,aeronaves,T
268,61.5,2019-12-21T00:00:00,16,nivelRuido,false,LAS50,,T
269,55.3,2019-12-21T00:00:00,16,nivelRuido,false,LAS90,,T
270,47.8,2019-12-21T00:00:00,16,nivelRuido,false,LAS99,,T
271,63.3,2019-12-21T00:00:00,16,nivelRuido,false,LAeq,,D
272,68.9,2019-12-21T00:00:00,16,nivelRuido,false,LAS01,,D
273,66.2,2019-12-21T00:00:00,16,nivelRuido,false,LAS10,,D
274,62.5,2019-12-21T00:00:00,16,nivelRuido,false,LAS50,,D
275,56.8,2019-12-21T00:00:00,16,nivelRuido,false,LAS90,,D
276,52.6,2019-12-21T00:00:00,16,nivelRuido,false,LAS99,,D
277,59.8,2019-12-21T00:00:00,16,nivelRuido,false,LAeq,,E
278,67.5,2019-12-21T00:00:00,16,nivelRuido,false,LAS01,,E
279,64.1,2019-12-21T00:00:00,16,nivelRuido,false,LAS10,,E
280,56.9,2019-12-21T00:00:00,16,nivelRuido,false,LAS50,,E
281,47.1,2019-12-21T00:00:00,16,nivelRuido,false,LAS90,,E
282,43.2,2019-12-21T00:00:00,16,nivelRuido,false,LAS99,,E
283,62.3,2019-12-21T00:00:00,16,nivelRuido,false,LAeq,,N
284,68.9,2019-12-21T00:00:00,16,nivelRuido,false,LAS01,,N
285,65.8,2019-12-21T00:00:00,16,nivelRuido,false,LAS10,,N
286,60.5,2019-12-21T00:00:00,16,nivelRuido,false,LAS50,,N
287,51.7,2019-12-21T00:00:00,16,nivelRuido,false,LAS90,,N
288,44.1,2019-12-21T00:00:00,16,nivelRuido,false,LAS99,,N
289,58.7,2019-12-21T00:00:00,17,nivelRuido,false,LAeq,,T
290,66.0,2019-12-21T00:00:00,17,nivelRuido,false,LAS01,,T
291,61.2,2019-12-21T00:00:00,17,nivelRuido,false,LAS10,,T
292,57.0,2019-12-21T00:00:00,17,nivelRuido,false,LAS50,,T
293,51.7,2019-12-21T00:00:00,17,nivelRuido,false,LAS90,,T
294,46.4,2019-12-21T00:00:00,17,nivelRuido,false,LAS99,,T
295,59.0,2019-12-21T00:00:00,17,nivelRuido,false,LAeq,,D
296,67.1,2019-12-21T00:00:00,17,nivelRuido,false,LAS01,,D
297,60.6,2019-12-21T00:00:00,17,nivelRuido,false,LAS10,,D
298,55.9,2019-12-21T00:00:00,17,nivelRuido,false,LAS50,,D
299,52.4,2019-12-21T00:00:00,17,nivelRuido,false,LAS90,,D
300,50.1,2019-12-21T00:00:00,17,nivelRuido,false,LAS99,,D
301,51.5,2019-12-21T00:00:00,17,nivelRuido,false,LAeq,,E
302,58.7,2019-12-21T00:00:00,17,nivelRuido,false,LAS01,,E
303,53.6,2019-12-21T00:00:00,17,nivelRuido,false,LAS10,,E
304,47.5,2019-12-21T00:00:00,17,nivelRuido,false,LAS50,,E
305,43.7,2019-12-21T00:00:00,17,nivelRuido,false,LAS90,,E
306,42.1,2019-12-21T00:00:00,17,nivelRuido,false,LAS99,,E
307,57.5,2019-12-21T00:00:00,17,nivelRuido,false,LAeq,,N
308,65.5,2019-12-21T00:00:00,17,nivelRuido,false,LAS01,,N
309,60.2,2019-12-21T00:00:00,17,nivelRuido,false,LAS10,,N
310,54.9,2019-12-21T00:00:00,17,nivelRuido,false,LAS50,,N
311,45.4,2019-12-21T00:00:00,17,nivelRuido,false,LAS90,,N
312,42.8,2019-12-21T00:00:00,17,nivelRuido,false,LAS99,,N
313,58.7,2019-12-21T00:00:00,18,nivelRuido,false,LAeq,,T
314,67.9,2019-12-21T00:00:00,18,nivelRuido,false,LAS01,actividades-deportivas-ocio,T
315,60.7,2019-12-21T00:00:00,18,nivelRuido,false,LAS10,,T
316,54.6,2019-12-21T00:00:00,18,nivelRuido,false,LAS50,,T
317,48.0,2019-12-21T00:00:00,18,nivelRuido,false,LAS90,,T
318,42.2,2019-12-21T00:00:00,18,nivelRuido,false,LAS99,,T
319,55.6,2019-12-21T00:00:00,18,nivelRuido,false,LAeq,,D
320,64.7,2019-12-21T00:00:00,18,nivelRuido,false,LAS01,actividades-comerciales,D
321,57.8,2019-12-21T00:00:00,18,nivelRuido,false,LAS10,,D
322,52.7,2019-12-21T00:00:00,18,nivelRuido,false,LAS50,,D
323,47.9,2019-12-21T00:00:00,18,nivelRuido,false,LAS90,,D
324,45.3,2019-12-21T00:00:00,18,nivelRuido,false,LAS99,,D
325,49.8,2019-12-21T00:00:00,18,nivelRuido,false,LAeq,,E
326,59.3,2019-12-21T00:00:00,18,nivelRuido,false,LAS01,,E
327,53.3,2019-12-21T00:00:00,18,nivelRuido,false,LAS10,,E
328,44.7,2019-12-21T00:00:00,18,nivelRuido,false,LAS50,,E
329,41.4,2019-12-21T00:00:00,18,nivelRuido,false,LAS90,,E
330,40.3,2019-12-21T00:00:00,18,nivelRuido,false,LAS99,,E
331,56.6,2019-12-21T00:00:00,18,nivelRuido,false,LAeq,,N
332,66.4,2019-12-21T00:00:00,18,nivelRuido,false,LAS01,,N
333,59.0,2019-12-21T00:00:00,18,nivelRuido,false,LAS10,,N
334,51.9,2019-12-21T00:00:00,18,nivelRuido,false,LAS50,,N
335,42.5,2019-12-21T00:00:00,18,nivelRuido,false,LAS90,,N
336,40.8,2019-12-21T00:00:00,18,nivelRuido,false,LAS99,,N
337,62.6,2019-12-21T00:00:00,19,nivelRuido,false,LAeq,,T
338,69.4,2019-12-21T00:00:00,19,nivelRuido,false,LAS01,,T
339,64.7,2019-12-21T00:00:00,19,nivelRuido,false,LAS10,,T
340,60.4,2019-12-21T00:00:00,19,nivelRuido,false,LAS50,,T
341,55.9,2019-12-21T00:00:00,19,nivelRuido,false,LAS90,,T
342,51.2,2019-12-21T00:00:00,19,nivelRuido,false,LAS99,,T
343,67.5,2019-12-21T00:00:00,19,nivelRuido,false,LAeq,,D
344,79.4,2019-12-21T00:00:00,19,nivelRuido,false,LAS01,actividades-comerciales,D
345,66.4,2019-12-21T00:00:00,19,nivelRuido,false,LAS10,,D
346,59.3,2019-12-21T00:00:00,19,nivelRuido,false,LAS50,,D
347,56.1,2019-12-21T00:00:00,19,nivelRuido,false,LAS90,,D
348,54.2,2019-12-21T00:00:00,19,nivelRuido,false,LAS99,,D
349,56.7,2019-12-21T00:00:00,19,nivelRuido,false,LAeq,,E
350,64.7,2019-12-21T00:00:00,19,nivelRuido,false,LAS01,,E
351,60.1,2019-12-21T00:00:00,19,nivelRuido,false,LAS10,,E
352,54.2,2019-12-21T00:00:00,19,nivelRuido,false,LAS50,,E
353,49.7,2019-12-21T00:00:00,19,nivelRuido,false,LAS90,,E
354,47.3,2019-12-21T00:00:00,19,nivelRuido,false,LAS99,,E
355,63.0,2019-12-21T00:00:00,19,nivelRuido,false,LAeq,,N
356,71.3,2019-12-21T00:00:00,19,nivelRuido,false,LAS01,,N
357,64.1,2019-12-21T00:00:00,19,nivelRuido,false,LAS10,,N
358,58.7,2019-12-21T00:00:00,19,nivelRuido,false,LAS50,,N
359,51.8,2019-12-21T00:00:00,19,nivelRuido,false,LAS90,,N
360,48.3,2019-12-21T00:00:00,19,nivelRuido,false,LAS99,,N
361,63.1,2019-12-21T00:00:00,20,nivelRuido,false,LAeq,,T
362,71.4,2019-12-21T00:00:00,20,nivelRuido,false,LAS01,,T
363,66.0,2019-12-21T00:00:00,20,nivelRuido,false,LAS10,,T
364,60.9,2019-12-21T00:00:00,20,nivelRuido,false,LAS50,,T
365,55.3,2019-12-21T00:00:00,20,nivelRuido,false,LAS90,,T
366,48.0,2019-12-21T00:00:00,20,nivelRuido,false,LAS99,,T
367,63.2,2019-12-21T00:00:00,20,nivelRuido,false,LAeq,,D
368,70.6,2019-12-21T00:00:00,20,nivelRuido,false,LAS01,actividades-comerciales,D
369,64.0,2019-12-21T00:00:00,20,nivelRuido,false,LAS10,,D
370,58.8,2019-12-21T00:00:00,20,nivelRuido,false,LAS50,,D
371,55.3,2019-12-21T00:00:00,20,nivelRuido,false,LAS90,,D
372,52.7,2019-12-21T00:00:00,20,nivelRuido,false,LAS99,,D
373,57.0,2019-12-21T00:00:00,20,nivelRuido,false,LAeq,,E
374,66.0,2019-12-21T00:00:00,20,nivelRuido,false,LAS01,,E
375,60.2,2019-12-21T00:00:00,20,nivelRuido,false,LAS10,,E
376,53.3,2019-12-21T00:00:00,20,nivelRuido,false,LAS50,,E
377,47.3,2019-12-21T00:00:00,20,nivelRuido,false,LAS90,,E
378,44.3,2019-12-21T00:00:00,20,nivelRuido,false,LAS99,,E
379,61.8,2019-12-21T00:00:00,20,nivelRuido,false,LAeq,,N
380,70.4,2019-12-21T00:00:00,20,nivelRuido,false,LAS01,,N
381,64.8,2019-12-21T00:00:00,20,nivelRuido,false,LAS10,,N
382,58.6,2019-12-21T00:00:00,20,nivelRuido,false,LAS50,,N
383,50.2,2019-12-21T00:00:00,20,nivelRuido,false,LAS90,,N
384,45.3,2019-12-21T00:00:00,20,nivelRuido,false,LAS99,,N
385,60.2,2019-12-21T00:00:00,24,nivelRuido,false,LAeq,,T
386,71.0,2019-12-21T00:00:00,24,nivelRuido,false,LAS01,,T
387,63.0,2019-12-21T00:00:00,24,nivelRuido,false,LAS10,,T
388,54.6,2019-12-21T00:00:00,24,nivelRuido,false,LAS50,,T
389,45.9,2019-12-21T00:00:00,24,nivelRuido,false,LAS90,,T
390,43.4,2019-12-21T00:00:00,24,nivelRuido,false,LAS99,,T
391,53.5,2019-12-21T00:00:00,24,nivelRuido,false,LAeq,,D
392,62.8,2019-12-21T00:00:00,24,nivelRuido,false,LAS01,,D
393,56.4,2019-12-21T00:00:00,24,nivelRuido,false,LAS10,actividades-deportivas-ocio,D
394,50.7,2019-12-21T00:00:00,24,nivelRuido,false,LAS50,,D
395,47.4,2019-12-21T00:00:00,24,nivelRuido,false,LAS90,,D
396,45.5,2019-12-21T00:00:00,24,nivelRuido,false,LAS99,,D
397,43.8,2019-12-21T00:00:00,24,nivelRuido,false,LAeq,,E
398,49.9,2019-12-21T00:00:00,24,nivelRuido,false,LAS01,,E
399,45.8,2019-12-21T00:00:00,24,nivelRuido,false,LAS10,,E
400,42.9,2019-12-21T00:00:00,24,nivelRuido,false,LAS50,,E
401,41.5,2019-12-21T00:00:00,24,nivelRuido,false,LAS90,,E
402,41.0,2019-12-21T00:00:00,24,nivelRuido,false,LAS99,,E
403,57.6,2019-12-21T00:00:00,24,nivelRuido,false,LAeq,,N
404,69.1,2019-12-21T00:00:00,24,nivelRuido,false,LAS01,,N
405,60.2,2019-12-21T00:00:00,24,nivelRuido,false,LAS10,,N
406,50.1,2019-12-21T00:00:00,24,nivelRuido,false,LAS50,,N
407,42.4,2019-12-21T00:00:00,24,nivelRuido,false,LAS90,,N
408,41.1,2019-12-21T00:00:00,24,nivelRuido,false,LAS99,,N
409,68.5,2019-12-21T00:00:00,25,nivelRuido,false,LAeq,,T
410,71.8,2019-12-21T00:00:00,25,nivelRuido,false,LAS01,,T
411,70.1,2019-12-21T00:00:00,25,nivelRuido,false,LAS10,,T
412,68.1,2019-12-21T00:00:00,25,nivelRuido,false,LAS50,,T
413,66.1,2019-12-21T00:00:00,25,nivelRuido,false,LAS90,,T
414,64.0,2019-12-21T00:00:00,25,nivelRuido,false,LAS99,,T
415,66.8,2019-12-21T00:00:00,25,nivelRuido,false,LAeq,,D
416,69.5,2019-12-21T00:00:00,25,nivelRuido,false,LAS01,,D
417,68.0,2019-12-21T00:00:00,25,nivelRuido,false,LAS10,,D
418,66.7,2019-12-21T00:00:00,25,nivelRuido,false,LAS50,,D
419,65.1,2019-12-21T00:00:00,25,nivelRuido,false,LAS90,,D
420,63.3,2019-12-21T00:00:00,25,nivelRuido,false,LAS99,,D
421,66.0,2019-12-21T00:00:00,25,nivelRuido,false,LAeq,,E
422,70.7,2019-12-21T00:00:00,25,nivelRuido,false,LAS01,,E
423,68.6,2019-12-21T00:00:00,25,nivelRuido,false,LAS10,,E
424,65.4,2019-12-21T00:00:00,25,nivelRuido,false,LAS50,,E
425,61.0,2019-12-21T00:00:00,25,nivelRuido,false,LAS90,,E
426,56.7,2019-12-21T00:00:00,25,nivelRuido,false,LAS99,,E
427,67.4,2019-12-21T00:00:00,25,nivelRuido,false,LAeq,,N
428,71.3,2019-12-21T00:00:00,25,nivelRuido,false,LAS01,,N
429,69.6,2019-12-21T00:00:00,25,nivelRuido,false,LAS10,,N
430,67.1,2019-12-21T00:00:00,25,nivelRuido,false,LAS50,,N
431,63.5,2019-12-21T00:00:00,25,nivelRuido,false,LAS90,,N
432,58.7,2019-12-21T00:00:00,25,nivelRuido,false,LAS99,,N
433,64.3,2019-12-21T00:00:00,26,nivelRuido,false,LAeq,,T
434,70.4,2019-12-21T00:00:00,26,nivelRuido,false,LAS01,,T
435,67.5,2019-12-21T00:00:00,26,nivelRuido,false,LAS10,,T
436,62.8,2019-12-21T00:00:00,26,nivelRuido,false,LAS50,,T
437,59.2,2019-12-21T00:00:00,26,nivelRuido,false,LAS90,,T
438,57.5,2019-12-21T00:00:00,26,nivelRuido,false,LAS99,,T
439,61.8,2019-12-21T00:00:00,26,nivelRuido,false,LAeq,,D
440,67.7,2019-12-21T00:00:00,26,nivelRuido,false,LAS01,,D
441,64.7,2019-12-21T00:00:00,26,nivelRuido,false,LAS10,,D
442,60.4,2019-12-21T00:00:00,26,nivelRuido,false,LAS50,,D
443,58.2,2019-12-21T00:00:00,26,nivelRuido,false,LAS90,actividades-comerciales,D
444,56.7,2019-12-21T00:00:00,26,nivelRuido,false,LAS99,,D
445,60.0,2019-12-21T00:00:00,26,nivelRuido,false,LAeq,,E
446,68.6,2019-12-21T00:00:00,26,nivelRuido,false,LAS01,,E
447,63.6,2019-12-21T00:00:00,26,nivelRuido,false,LAS10,,E
448,57.7,2019-12-21T00:00:00,26,nivelRuido,false,LAS50,,E
449,51.7,2019-12-21T00:00:00,26,nivelRuido,false,LAS90,,E
450,48.0,2019-12-21T00:00:00,26,nivelRuido,false,LAS99,,E
451,62.8,2019-12-21T00:00:00,26,nivelRuido,false,LAeq,,N
452,69.8,2019-12-21T00:00:00,26,nivelRuido,false,LAS01,,N
453,66.4,2019-12-21T00:00:00,26,nivelRuido,false,LAS10,,N
454,60.7,2019-12-21T00:00:00,26,nivelRuido,false,LAS50,,N
455,55.5,2019-12-21T00:00:00,26,nivelRuido,false,LAS90,,N
456,49.5,2019-12-21T00:00:00,26,nivelRuido,false,LAS99,,N
457,62.9,2019-12-21T00:00:00,27,nivelRuido,false,LAeq,,T
458,72.5,2019-12-21T00:00:00,27,nivelRuido,false,LAS01,,T
459,67.0,2019-12-21T00:00:00,27,nivelRuido,false,LAS10,,T
460,57.7,2019-12-21T00:00:00,27,nivelRuido,false,LAS50,,T
461,50.8,2019-12-21T00:00:00,27,nivelRuido,false,LAS90,,T
462,47.7,2019-12-21T00:00:00,27,nivelRuido,false,LAS99,,T
463,61.1,2019-12-21T00:00:00,27,nivelRuido,false,LAeq,,D
464,71.2,2019-12-21T00:00:00,27,nivelRuido,false,LAS01,,D
465,65.3,2019-12-21T00:00:00,27,nivelRuido,false,LAS10,,D
466,55.6,2019-12-21T00:00:00,27,nivelRuido,false,LAS50,,D
467,51.4,2019-12-21T00:00:00,27,nivelRuido,false,LAS90,,D
468,49.3,2019-12-21T00:00:00,27,nivelRuido,false,LAS99,,D
469,57.0,2019-12-21T00:00:00,27,nivelRuido,false,LAeq,,E
470,70.0,2019-12-21T00:00:00,27,nivelRuido,false,LAS01,,E
471,56.8,2019-12-21T00:00:00,27,nivelRuido,false,LAS10,actividades-deportivas-ocio,E
472,47.5,2019-12-21T00:00:00,27,nivelRuido,false,LAS50,,E
473,40.5,2019-12-21T00:00:00,27,nivelRuido,false,LAS90,,E
474,37.8,2019-12-21T00:00:00,27,nivelRuido,false,LAS99,,E
475,61.4,2019-12-21T00:00:00,27,nivelRuido,false,LAeq,,N
476,71.8,2019-12-21T00:00:00,27,nivelRuido,false,LAS01,,N
477,65.5,2019-12-21T00:00:00,27,nivelRuido,false,LAS10,,N
478,54.8,2019-12-21T00:00:00,27,nivelRuido,false,LAS50,,N
479,44.2,2019-12-21T00:00:00,27,nivelRuido,false,LAS90,,N
480,38.7,2019-12-21T00:00:00,27,nivelRuido,false,LAS99,,N
481,70.0,2019-12-21T00:00:00,28,nivelRuido,false,LAeq,,T
482,76.7,2019-12-21T00:00:00,28,nivelRuido,false,LAS01,,T
483,73.7,2019-12-21T00:00:00,28,nivelRuido,false,LAS10,,T
484,68.2,2019-12-21T00:00:00,28,nivelRuido,false,LAS50,,T
485,59.1,2019-12-21T00:00:00,28,nivelRuido,false,LAS90,,T
486,48.0,2019-12-21T00:00:00,28,nivelRuido,false,LAS99,,T
487,67.7,2019-12-21T00:00:00,28,nivelRuido,false,LAeq,,D
488,74.5,2019-12-21T00:00:00,28,nivelRuido,false,LAS01,,D
489,71.4,2019-12-21T00:00:00,28,nivelRuido,false,LAS10,,D
490,65.7,2019-12-21T00:00:00,28,nivelRuido,false,LAS50,,D
491,59.8,2019-12-21T00:00:00,28,nivelRuido,false,LAS90,,D
492,56.5,2019-12-21T00:00:00,28,nivelRuido,false,LAS99,,D
493,62.4,2019-12-21T00:00:00,28,nivelRuido,false,LAeq,,E
494,72.7,2019-12-21T00:00:00,28,nivelRuido,false,LAS01,,E
495,66.8,2019-12-21T00:00:00,28,nivelRuido,false,LAS10,,E
496,54.8,2019-12-21T00:00:00,28,nivelRuido,false,LAS50,,E
497,46.9,2019-12-21T00:00:00,28,nivelRuido,false,LAS90,,E
498,44.4,2019-12-21T00:00:00,28,nivelRuido,false,LAS99,,E
499,68.2,2019-12-21T00:00:00,28,nivelRuido,false,LAeq,,N
500,75.9,2019-12-21T00:00:00,28,nivelRuido,false,LAS01,,N
501,72.5,2019-12-21T00:00:00,28,nivelRuido,false,LAS10,,N
502,64.9,2019-12-21T00:00:00,28,nivelRuido,false,LAS50,,N
503,49.8,2019-12-21T00:00:00,28,nivelRuido,false,LAS90,,N
504,45.3,2019-12-21T00:00:00,28,nivelRuido,false,LAS99,,N
505,59.3,2019-12-21T00:00:00,29,nivelRuido,false,LAeq,,T
506,67.6,2019-12-21T00:00:00,29,nivelRuido,false,LAS01,,T
507,63.4,2019-12-21T00:00:00,29,nivelRuido,false,LAS10,,T
508,56.0,2019-12-21T00:00:00,29,nivelRuido,false,LAS50,,T
509,46.2,2019-12-21T00:00:00,29,nivelRuido,false,LAS90,,T
510,39.1,2019-12-21T00:00:00,29,nivelRuido,false,LAS99,,T
511,64.6,2019-12-21T00:00:00,29,nivelRuido,false,LAeq,,D
512,75.4,2019-12-21T00:00:00,29,nivelRuido,false,LAS01,,D
513,61.5,2019-12-21T00:00:00,29,nivelRuido,false,LAS10,aeronaves,D
514,53.4,2019-12-21T00:00:00,29,nivelRuido,false,LAS50,,D
515,47.7,2019-12-21T00:00:00,29,nivelRuido,false,LAS90,,D
516,44.7,2019-12-21T00:00:00,29,nivelRuido,false,LAS99,,D
517,52.2,2019-12-21T00:00:00,29,nivelRuido,false,LAeq,,E
518,64.2,2019-12-21T00:00:00,29,nivelRuido,false,LAS01,,E
519,55.5,2019-12-21T00:00:00,29,nivelRuido,false,LAS10,,E
520,42.9,2019-12-21T00:00:00,29,nivelRuido,false,LAS50,,E
521,36.5,2019-12-21T00:00:00,29,nivelRuido,false,LAS90,,E
522,34.2,2019-12-21T00:00:00,29,nivelRuido,false,LAS99,,E
523,59.8,2019-12-21T00:00:00,29,nivelRuido,false,LAeq,,N
524,67.2,2019-12-21T00:00:00,29,nivelRuido,false,LAS01,,N
525,62.1,2019-12-21T00:00:00,29,nivelRuido,false,LAS10,,N
526,52.5,2019-12-21T00:00:00,29,nivelRuido,false,LAS50,,N
527,39.6,2019-12-21T00:00:00,29,nivelRuido,false,LAS90,aeronaves,N
528,34.9,2019-12-21T00:00:00,29,nivelRuido,false,LAS99,,N
529,62.4,2019-12-21T00:00:00,30,nivelRuido,false,LAeq,,T
530,69.5,2019-12-21T00:00:00,30,nivelRuido,false,LAS01,,T
531,65.0,2019-12-21T00:00:00,30,nivelRuido,false,LAS10,,T
532,60.9,2019-12-21T00:00:00,30,nivelRuido,false,LAS50,,T
533,55.0,2019-12-21T00:00:00,30,nivelRuido,false,LAS90,,T
534,50.6,2019-12-21T00:00:00,30,nivelRuido,false,LAS99,,T
535,61.7,2019-12-21T00:00:00,30,nivelRuido,false,LAeq,,D
536,67.7,2019-12-21T00:00:00,30,nivelRuido,false,LAS01,,D
537,63.7,2019-12-21T00:00:00,30,nivelRuido,false,LAS10,,D
538,60.2,2019-12-21T00:00:00,30,nivelRuido,false,LAS50,actividades-deportivas-ocio,D
539,57.2,2019-12-21T00:00:00,30,nivelRuido,false,LAS90,,D
540,55.1,2019-12-21T00:00:00,30,nivelRuido,false,LAS99,,D
541,56.9,2019-12-21T00:00:00,30,nivelRuido,false,LAeq,,E
542,65.5,2019-12-21T00:00:00,30,nivelRuido,false,LAS01,,E
543,60.5,2019-12-21T00:00:00,30,nivelRuido,false,LAS10,,E
544,53.3,2019-12-21T00:00:00,30,nivelRuido,false,LAS50,,E
545,48.5,2019-12-21T00:00:00,30,nivelRuido,false,LAS90,,E
546,46.6,2019-12-21T00:00:00,30,nivelRuido,false,LAS99,,E
547,61.1,2019-12-21T00:00:00,30,nivelRuido,false,LAeq,,N
548,68.5,2019-12-21T00:00:00,30,nivelRuido,false,LAS01,,N
549,64.0,2019-12-21T00:00:00,30,nivelRuido,false,LAS10,,N
550,59.3,2019-12-21T00:00:00,30,nivelRuido,false,LAS50,,N
551,50.6,2019-12-21T00:00:00,30,nivelRuido,false,LAS90,,N
552,47.4,2019-12-21T00:00:00,30,nivelRuido,false,LAS99,,N
553,65.6,2019-12-21T00:00:00,31,nivelRuido,false,LAeq,,T
554,74.0,2019-12-21T00:00:00,31,nivelRuido,false,LAS01,,T
555,70.2,2019-12-21T00:00:00,31,nivelRuido,false,LAS10,,T
556,61.5,2019-12-21T00:00:00,31,nivelRuido,false,LAS50,,T
557,53.4,2019-12-21T00:00:00,31,nivelRuido,false,LAS90,,T
558,50.1,2019-12-21T00:00:00,31,nivelRuido,false,LAS99,,T
559,65.0,2019-12-21T00:00:00,31,nivelRuido,false,LAeq,,D
560,72.7,2019-12-21T00:00:00,31,nivelRuido,false,LAS01,,D
561,69.1,2019-12-21T00:00:00,31,nivelRuido,false,LAS10,,D
562,61.7,2019-12-21T00:00:00,31,nivelRuido,false,LAS50,,D
563,56.9,2019-12-21T00:00:00,31,nivelRuido,false,LAS90,,D
564,53.7,2019-12-21T00:00:00,31,nivelRuido,false,LAS99,,D
565,56.8,2019-12-21T00:00:00,31,nivelRuido,false,LAeq,,E
566,69.4,2019-12-21T00:00:00,31,nivelRuido,false,LAS01,,E
567,56.4,2019-12-21T00:00:00,31,nivelRuido,false,LAS10,,E
568,52.0,2019-12-21T00:00:00,31,nivelRuido,false,LAS50,,E
569,48.7,2019-12-21T00:00:00,31,nivelRuido,false,LAS90,,E
570,47.1,2019-12-21T00:00:00,31,nivelRuido,false,LAS99,,E
571,64.0,2019-12-21T00:00:00,31,nivelRuido,false,LAeq,,N
572,73.4,2019-12-21T00:00:00,31,nivelRuido,false,LAS01,,N
573,68.8,2019-12-21T00:00:00,31,nivelRuido,false,LAS10,,N
574,58.7,2019-12-21T00:00:00,31,nivelRuido,false,LAS50,,N
575,50.2,2019-12-21T00:00:00,31,nivelRuido,false,LAS90,,N
576,47.8,2019-12-21T00:00:00,31,nivelRuido,false,LAS99,,N
577,59.0,2019-12-21T00:00:00,47,nivelRuido,false,LAeq,,T
578,68.5,2019-12-21T00:00:00,47,nivelRuido,false,LAS01,,T
579,62.2,2019-12-21T00:00:00,47,nivelRuido,false,LAS10,,T
580,55.0,2019-12-21T00:00:00,47,nivelRuido,false,LAS50,,T
581,48.1,2019-12-21T00:00:00,47,nivelRuido,false,LAS90,,T
582,45.2,2019-12-21T00:00:00,47,nivelRuido,false,LAS99,,T
583,56.6,2019-12-21T00:00:00,47,nivelRuido,false,LAeq,,D
584,65.3,2019-12-21T00:00:00,47,nivelRuido,false,LAS01,,D
585,59.3,2019-12-21T00:00:00,47,nivelRuido,false,LAS10,,D
586,53.9,2019-12-21T00:00:00,47,nivelRuido,false,LAS50,,D
587,50.7,2019-12-21T00:00:00,47,nivelRuido,false,LAS90,,D
588,49.2,2019-12-21T00:00:00,47,nivelRuido,false,LAS99,,D
589,48.9,2019-12-21T00:00:00,47,nivelRuido,false,LAeq,,E
590,59.0,2019-12-21T00:00:00,47,nivelRuido,false,LAS01,,E
591,50.7,2019-12-21T00:00:00,47,nivelRuido,false,LAS10,,E
592,45.9,2019-12-21T00:00:00,47,nivelRuido,false,LAS50,,E
593,42.8,2019-12-21T00:00:00,47,nivelRuido,false,LAS90,,E
594,41.4,2019-12-21T00:00:00,47,nivelRuido,false,LAS99,,E
595,57.1,2019-12-21T00:00:00,47,nivelRuido,false,LAeq,,N
596,67.2,2019-12-21T00:00:00,47,nivelRuido,false,LAS01,,N
597,60.2,2019-12-21T00:00:00,47,nivelRuido,false,LAS10,,N
598,52.5,2019-12-21T00:00:00,47,nivelRuido,false,LAS50,,N
599,44.4,2019-12-21T00:00:00,47,nivelRuido,false,LAS90,,N
600,42.1,2019-12-21T00:00:00,47,nivelRuido,false,LAS99,,N
601,63.9,2019-12-21T00:00:00,48,nivelRuido,false,LAeq,,T
602,69.2,2019-12-21T00:00:00,48,nivelRuido,false,LAS01,,T
603,66.5,2019-12-21T00:00:00,48,nivelRuido,false,LAS10,,T
604,63.3,2019-12-21T00:00:00,48,nivelRuido,false,LAS50,,T
605,58.3,2019-12-21T00:00:00,48,nivelRuido,false,LAS90,,T
606,52.2,2019-12-21T00:00:00,48,nivelRuido,false,LAS99,,T
607,64.7,2019-12-21T00:00:00,48,nivelRuido,false,LAeq,,D
608,71.9,2019-12-21T00:00:00,48,nivelRuido,false,LAS01,,D
609,65.1,2019-12-21T00:00:00,48,nivelRuido,false,LAS10,,D
610,63.0,2019-12-21T00:00:00,48,nivelRuido,false,LAS50,,D
611,60.1,2019-12-21T00:00:00,48,nivelRuido,false,LAS90,,D
612,56.8,2019-12-21T00:00:00,48,nivelRuido,false,LAS99,,D
613,61.8,2019-12-21T00:00:00,48,nivelRuido,false,LAeq,,E
614,66.3,2019-12-21T00:00:00,48,nivelRuido,false,LAS01,,E
615,64.4,2019-12-21T00:00:00,48,nivelRuido,false,LAS10,,E
616,61.5,2019-12-21T00:00:00,48,nivelRuido,false,LAS50,,E
617,55.4,2019-12-21T00:00:00,48,nivelRuido,false,LAS90,,E
618,50.8,2019-12-21T00:00:00,48,nivelRuido,false,LAS99,,E
619,63.5,2019-12-21T00:00:00,48,nivelRuido,false,LAeq,,N
620,68.9,2019-12-21T00:00:00,48,nivelRuido,false,LAS01,,N
621,65.8,2019-12-21T00:00:00,48,nivelRuido,false,LAS10,,N
622,62.6,2019-12-21T00:00:00,48,nivelRuido,false,LAS50,,N
623,57.5,2019-12-21T00:00:00,48,nivelRuido,false,LAS90,,N
624,51.7,2019-12-21T00:00:00,48,nivelRuido,false,LAS99,,N
625,68.4,2019-12-21T00:00:00,50,nivelRuido,false,LAeq,,T
626,75.7,2019-12-21T00:00:00,50,nivelRuido,false,LAS01,,T
627,69.7,2019-12-21T00:00:00,50,nivelRuido,false,LAS10,,T
628,66.0,2019-12-21T00:00:00,50,nivelRuido,false,LAS50,,T
629,62.3,2019-12-21T00:00:00,50,nivelRuido,false,LAS90,,T
630,58.4,2019-12-21T00:00:00,50,nivelRuido,false,LAS99,,T
631,68.8,2019-12-21T00:00:00,50,nivelRuido,false,LAeq,,D
632,75.0,2019-12-21T00:00:00,50,nivelRuido,false,LAS01,,D
633,68.3,2019-12-21T00:00:00,50,nivelRuido,false,LAS10,,D
634,65.4,2019-12-21T00:00:00,50,nivelRuido,false,LAS50,aeronaves,D
635,62.8,2019-12-21T00:00:00,50,nivelRuido,false,LAS90,,D
636,60.7,2019-12-21T00:00:00,50,nivelRuido,false,LAS99,,D
637,65.7,2019-12-21T00:00:00,50,nivelRuido,false,LAeq,,E
638,70.5,2019-12-21T00:00:00,50,nivelRuido,false,LAS01,,E
639,67.0,2019-12-21T00:00:00,50,nivelRuido,false,LAS10,,E
640,63.1,2019-12-21T00:00:00,50,nivelRuido,false,LAS50,,E
641,58.9,2019-12-21T00:00:00,50,nivelRuido,false,LAS90,,E
642,55.9,2019-12-21T00:00:00,50,nivelRuido,false,LAS99,,E
643,67.8,2019-12-21T00:00:00,50,nivelRuido,false,LAeq,actividades-comerciales,N
644,74.7,2019-12-21T00:00:00,50,nivelRuido,false,LAS01,,N
645,68.8,2019-12-21T00:00:00,50,nivelRuido,false,LAS10,,N
646,65.0,2019-12-21T00:00:00,50,nivelRuido,false,LAS50,,N
647,60.7,2019-12-21T00:00:00,50,nivelRuido,false,LAS90,,N
648,57.0,2019-12-21T00:00:00,50,nivelRuido,false,LAS99,,N
649,63.7,2019-12-21T00:00:00,54,nivelRuido,false,LAeq,,T
650,71.8,2019-12-21T00:00:00,54,nivelRuido,false,LAS01,,T
651,66.4,2019-12-21T00:00:00,54,nivelRuido,false,LAS10,,T
652,62.1,2019-12-21T00:00:00,54,nivelRuido,false,LAS50,,T
653,55.6,2019-12-21T00:00:00,54,nivelRuido,false,LAS90,,T
654,45.6,2019-12-21T00:00:00,54,nivelRuido,false,LAS99,,T
655,62.4,2019-12-21T00:00:00,54,nivelRuido,false,LAeq,,D
656,69.6,2019-12-21T00:00:00,54,nivelRuido,false,LAS01,,D
657,64.9,2019-12-21T00:00:00,54,nivelRuido,false,LAS10,,D
658,61.1,2019-12-21T00:00:00,54,nivelRuido,false,LAS50,,D
659,57.3,2019-12-21T00:00:00,54,nivelRuido,false,LAS90,,D
660,53.9,2019-12-21T00:00:00,54,nivelRuido,false,LAS99,aeronaves,D
661,56.2,2019-12-21T00:00:00,54,nivelRuido,false,LAeq,,E
662,65.5,2019-12-21T00:00:00,54,nivelRuido,false,LAS01,,E
663,60.2,2019-12-21T00:00:00,54,nivelRuido,false,LAS10,,E
664,52.3,2019-12-21T00:00:00,54,nivelRuido,false,LAS50,,E
665,43.1,2019-12-21T00:00:00,54,nivelRuido,false,LAS90,,E
666,40.9,2019-12-21T00:00:00,54,nivelRuido,false,LAS99,,E
667,62.1,2019-12-21T00:00:00,54,nivelRuido,false,LAeq,,N
668,70.5,2019-12-21T00:00:00,54,nivelRuido,false,LAS01,,N
669,65.3,2019-12-21T00:00:00,54,nivelRuido,false,LAS10,,N
670,60.1,2019-12-21T00:00:00,54,nivelRuido,false,LAS50,,N
671,46.9,2019-12-21T00:00:00,54,nivelRuido,false,LAS90,,N
672,41.5,2019-12-21T00:00:00,54,nivelRuido,false,LAS99,,N
673,58.0,2019-12-21T00:00:00,55,nivelRuido,false,LAeq,,T
674,65.7,2019-12-21T00:00:00,55,nivelRuido,false,LAS01,,T
675,61.0,2019-12-21T00:00:00,55,nivelRuido,false,LAS10,,T
676,55.8,2019-12-21T00:00:00,55,nivelRuido,false,LAS50,,T
677,51.1,2019-12-21T00:00:00,55,nivelRuido,false,LAS90,,T
678,47.5,2019-12-21T00:00:00,55,nivelRuido,false,LAS99,,T
679,57.6,2019-12-21T00:00:00,55,nivelRuido,false,LAeq,,D
680,64.3,2019-12-21T00:00:00,55,nivelRuido,false,LAS01,,D
681,59.6,2019-12-21T00:00:00,55,nivelRuido,false,LAS10,,D
682,54.6,2019-12-21T00:00:00,55,nivelRuido,false,LAS50,,D
683,51.3,2019-12-21T00:00:00,55,nivelRuido,false,LAS90,,D
684,48.9,2019-12-21T00:00:00,55,nivelRuido,false,LAS99,,D
685,52.1,2019-12-21T00:00:00,55,nivelRuido,false,LAeq,,E
686,61.5,2019-12-21T00:00:00,55,nivelRuido,false,LAS01,,E
687,54.9,2019-12-21T00:00:00,55,nivelRuido,false,LAS10,,E
688,49.2,2019-12-21T00:00:00,55,nivelRuido,false,LAS50,,E
689,44.5,2019-12-21T00:00:00,55,nivelRuido,false,LAS90,,E
690,42.9,2019-12-21T00:00:00,55,nivelRuido,false,LAS99,,E
691,56.7,2019-12-21T00:00:00,55,nivelRuido,false,LAeq,,N
692,64.8,2019-12-21T00:00:00,55,nivelRuido,false,LAS01,,N
693,59.8,2019-12-21T00:00:00,55,nivelRuido,false,LAS10,,N
694,54.0,2019-12-21T00:00:00,55,nivelRuido,false,LAS50,,N
695,47.1,2019-12-21T00:00:00,55,nivelRuido,false,LAS90,,N
696,43.3,2019-12-21T00:00:00,55,nivelRuido,false,LAS99,,N
697,60.0,2019-12-21T00:00:00,86,nivelRuido,false,LAeq,,T
698,68.9,2019-12-21T00:00:00,86,nivelRuido,false,LAS01,,T
699,63.1,2019-12-21T00:00:00,86,nivelRuido,false,LAS10,,T
700,57.3,2019-12-21T00:00:00,86,nivelRuido,false,LAS50,actividades-comerciales,T
701,51.2,2019-12-21T00:00:00,86,nivelRuido,false,LAS90,,T
702,45.7,2019-12-21T00:00:00,86,nivelRuido,false,LAS99,,T
703,59.2,2019-12-21T00:00:00,86,nivelRuido,false,LAeq,,D
704,67.8,2019-12-21T00:00:00,86,nivelRuido,false,LAS01,,D
705,62.1,2019-12-21T00:00:00,86,nivelRuido,false,LAS10,,D
706,56.7,2019-12-21T00:00:00,86,nivelRuido,false,LAS50,,D
707,52.5,2019-12-21T00:00:00,86,nivelRuido,false,LAS90,,D
708,50.3,2019-12-21T00:00:00,86,nivelRuido,false,LAS99,,D
709,52.7,2019-12-21T00:00:00,86,nivelRuido,false,LAeq,,E
710,63.9,2019-12-21T00:00:00,86,nivelRuido,false,LAS01,,E
711,54.7,2019-12-21T00:00:00,86,nivelRuido,false,LAS10,,E
712,47.7,2019-12-21T00:00:00,86,nivelRuido,false,LAS50,,E
713,43.1,2019-12-21T00:00:00,86,nivelRuido,false,LAS90,,E
714,40.7,2019-12-21T00:00:00,86,nivelRuido,false,LAS99,,E
715,58.5,2019-12-21T00:00:00,86,nivelRuido,false,LAeq,actividades-comerciales,N
716,67.9,2019-12-21T00:00:00,86,nivelRuido,false,LAS01,,N
717,61.9,2019-12-21T00:00:00,86,nivelRuido,false,LAS10,,N
718,55.1,2019-12-21T00:00:00,86,nivelRuido,false,LAS50,,N
719,45.4,2019-12-21T00:00:00,86,nivelRuido,false,LAS90,,N
720,41.6,2019-12-21T00:00:00,86,nivelRuido,false,LAS99,,N